id_ocorrencia;numero_da_ocorrencia;data_da_ocorrencia;id_aeronave;id_descricao_tipo;id_local
1;25626;08/10/2020;1;1;1
2;25763;15/10/2020;2;2;2
3;26123;19/11/2020;3;3;3
4;26306;11/12/2020;4;4;4
5;26423;18/12/2020;5;5;5
6;27045;10/02/2021;6;1;6
7;26723;05/01/2021;7;6;7
8;27047;05/02/2021;8;7;8
9;25324;13/09/2020;9;8;4
10;25323;14/09/2020;10;3;9
11;26943;02/02/2021;11;4;10
12;26944;01/02/2021;12;1;11
13;27086;13/02/2021;13;1;12
14;27085;12/02/2021;14;1;13
15;27123;16/02/2021;12;1;14
16;25924;16/10/2020;15;9;15
17;24423;19/05/2020;16;1;16
18;25925;01/03/2020;17;1;17
19;25426;29/09/2020;18;5;18
20;26147;24/11/2020;19;8;19
21;26345;12/12/2020;6;1;20
22;26346;08/12/2020;20;5;21
23;26623;10/01/2021;21;1;22
24;26308;13/12/2020;22;3;23
25;26666;14/01/2021;23;7;24
26;24881;12/04/2019;24;3;12
27;24926;30/07/2020;8;6;25
28;26667;06/01/2021;7;2;26
29;25062;13/08/2020;25;8;27
30;25101;21/08/2020;26;1;28
31;6065;20/08/2014;22;3;29
32;26947;02/02/2021;18;4;30
33;6064;23/08/2014;19;11;24
34;11360;25/07/1998;27;4;31
35;26247;04/12/2020;28;1;32
36;11358;14/02/1997;29;9;33
37;11303;22/03/2006;30;3;34
38;26248;06/12/2020;15;7;35
39;11300;22/11/2005;31;12;36
40;11280;05/05/2020;32;8;37
41;11277;21/04/2020;33;2;38
42;27124;16/02/2021;34;2;39
43;24421;27/05/2020;35;2;40
44;24422;19/05/2020;18;5;41
45;24943;02/08/2020;36;3;42
46;24945;03/08/2020;37;9;43
47;25082;25/07/2020;38;7;44
48;24942;03/08/2020;31;8;45
49;25301;08/09/2020;39;13;46
50;26183;28/11/2020;40;3;47
51;26184;26/11/2020;41;1;23
52;26185;29/11/2020;12;9;48
53;26186;30/11/2020;42;2;49
54;24502;14/06/2020;43;8;50
55;24504;17/06/2020;36;1;51
56;24761;10/07/2020;44;3;52
57;24762;08/07/2020;45;2;34
58;24982;06/08/2020;36;3;53
59;24752;04/07/2020;46;2;54
60;25021;13/08/2020;28;3;55
61;25024;09/08/2020;47;2;56
62;25643;10/10/2020;15;4;49
63;25644;07/10/2020;48;5;57
64;25905;30/10/2020;49;8;25
65;25663;13/10/2020;50;11;17
66;25983;08/08/2019;52;8;58
67;26323;13/12/2020;53;1;59
68;26405;18/12/2020;12;1;60
69;26363;09/12/2020;54;5;61
70;26365;03/12/2020;55;14;34
71;24401;31/05/2020;11;3;62
72;25221;07/09/2020;57;3;23
73;25341;12/09/2020;58;8;63
74;25343;12/09/2020;59;1;34
75;25346;11/09/2020;36;1;43
76;26063;14/11/2020;60;1;64
77;25823;24/10/2020;61;2;65
78;25904;30/10/2020;62;3;66
79;26443;23/12/2020;12;3;67
80;26465;26/12/2020;25;1;68
81;26466;29/12/2020;6;3;5
82;26467;28/12/2020;63;9;69
83;26486;29/12/2020;64;2;70
84;26544;29/12/2020;65;8;71
85;26565;27/12/2020;17;3;72
86;26566;05/01/2021;54;1;73
87;26583;07/01/2021;66;7;74
88;24341;19/07/2009;52;8;75
89;24481;12/06/2020;18;5;76
90;24621;11/04/2020;17;16;77
91;24661;24/06/2020;67;1;65
92;24301;17/05/2020;68;2;78
93;24567;09/06/2020;22;3;79
94;24583;20/06/2020;18;2;39
95;24582;10/06/2020;22;1;80
96;24703;20/06/2020;69;1;81
97;24923;22/07/2020;70;8;82
98;24882;25/07/2020;71;1;83
99;25061;15/08/2020;72;7;84
100;25141;26/08/2020;73;8;34
101;25103;20/08/2020;15;5;39
102;25104;18/08/2020;18;5;85
103;25362;20/09/2020;74;2;86
104;25404;27/09/2020;75;12;87
105;25403;30/09/2020;13;1;88
106;25583;30/09/2020;76;11;37
107;24403;26/05/2020;77;8;89
108;26663;13/01/2021;16;7;90
109;24404;23/05/2020;78;1;23
110;24741;06/07/2020;48;2;91
111;26665;06/01/2021;28;1;92
112;24745;26/06/2020;7;9;93
113;6038;03/12/2014;79;1;94
114;6035;11/08/2014;36;9;42
115;6030;21/09/2014;80;8;95
116;6025;05/08/2014;22;7;53
117;6022;19/07/2014;37;9;96
118;6018;12/07/2014;81;13;97
119;6012;11/07/2014;82;1;98
120;5945;30/06/2014;83;7;23
121;6017;06/07/2014;84;2;99
122;6014;16/07/2014;85;1;100
123;5943;19/06/2014;37;2;101
124;5959;05/07/2014;86;1;102
125;5952;05/07/2014;87;13;103
126;5951;03/07/2014;17;8;104
127;5999;04/07/2014;89;2;105
128;5989;22/09/2014;90;1;106
129;5988;22/09/2014;91;3;107
130;5986;28/07/2014;92;8;108
131;5979;10/07/2014;36;3;109
132;5978;01/01/2015;93;13;45
133;5971;05/07/2014;94;1;110
134;5968;12/09/2014;95;9;111
135;5967;28/08/2014;10;3;7
136;6144;29/11/2014;96;1;23
137;5963;07/09/2014;97;4;50
138;6143;30/11/2014;98;3;34
139;6103;20/09/2014;7;4;112
140;6142;10/09/2014;99;1;113
141;6128;24/12/2015;34;1;114
142;6120;27/08/2014;48;2;115
143;6119;27/08/2014;100;1;116
144;6098;19/09/2014;101;4;86
145;6093;17/08/2014;102;7;25
146;6089;11/08/2014;103;7;117
147;6086;30/08/2014;64;2;42
148;6091;13/08/2014;104;2;118
149;6085;31/08/2014;105;13;63
150;6084;01/09/2014;106;8;119
151;6079;19/08/2014;17;3;120
152;6081;31/08/2014;2;2;121
153;6076;23/08/2014;107;1;37
154;6066;20/08/2014;36;3;122
155;6071;16/08/2014;108;11;123
156;6060;30/11/2014;110;2;124
157;6056;24/09/2014;36;4;125
158;6053;18/12/2014;79;4;126
159;6048;24/07/2014;111;2;127
160;6046;12/07/2014;112;9;128
161;6045;25/07/2014;8;4;12
162;11254;18/04/2020;113;1;129
163;11268;27/04/2020;114;3;119
164;11262;17/04/2020;115;1;91
165;11261;18/04/2020;34;1;130
166;11260;18/04/2020;116;6;131
167;11253;13/04/2020;66;8;132
168;11252;21/04/2020;117;2;133
169;11244;11/04/2020;63;2;134
170;11240;13/04/2020;118;2;135
171;11236;03/04/2020;20;3;136
172;11235;06/04/2020;20;5;137
173;11192;01/03/2020;119;1;138
174;11183;12/03/2020;105;9;111
175;11182;05/03/2020;36;9;122
176;11181;25/02/2020;120;1;139
177;25161;26/08/2020;36;3;140
178;25162;27/08/2020;25;8;141
179;11223;01/04/2020;121;9;142
180;11219;19/03/2020;34;1;143
181;11221;24/03/2020;6;1;144
182;11220;27/03/2020;122;9;10
183;11211;16/03/2020;123;7;145
184;11361;16/01/1997;124;2;146
185;11210;18/03/2020;113;1;147
186;11209;07/03/2020;15;14;148
187;11208;16/03/2020;25;7;28
188;11367;20/12/2009;36;9;149
189;11365;28/11/1989;125;6;150
190;11207;13/03/2020;18;2;151
191;11198;09/03/2020;8;4;152
192;11366;18/10/1997;126;1;153
193;11199;10/03/2020;127;8;43
194;11196;09/03/2020;108;1;154
195;11364;18/09/1998;4;2;155
196;11363;15/05/1998;4;6;156
197;11362;03/06/1998;19;9;157
198;11357;18/05/2020;128;1;158
199;11352;14/05/2020;102;8;159
200;11351;13/05/2020;12;8;160
201;11350;15/05/2020;20;1;161
202;11349;16/05/2020;129;3;162
203;11344;11/05/2020;130;8;163
204;11333;07/11/2009;40;9;164
205;11332;26/12/2009;131;8;45
206;11331;12/12/2009;106;8;165
207;11330;07/10/2009;19;8;166
208;11329;26/08/2009;17;13;34
209;11318;27/12/2008;132;3;167
210;11328;14/06/2009;36;9;168
211;11327;08/04/2009;131;3;169
212;11275;18/04/2020;25;1;170
213;11326;07/01/2009;133;9;171
214;11323;16/03/2009;134;13;172
215;11321;04/02/2009;135;8;173
216;11317;27/11/2008;136;2;104
217;11316;05/12/2008;8;8;25
218;11315;22/10/2008;126;1;174
219;11314;10/10/2008;137;8;25
220;11308;17/12/2007;138;1;175
221;11313;11/07/2008;93;8;176
222;11312;11/07/2008;139;8;177
223;11305;15/01/2007;19;7;178
224;25424;01/05/2018;140;1;102
225;11311;20/06/2008;141;3;37
226;11278;02/05/2020;142;1;163
227;11306;21/04/2007;143;3;37
228;11273;01/05/2020;144;9;149
229;4539;13/12/2013;6;4;179
230;4538;18/12/2013;36;3;180
231;4537;20/12/2013;145;9;181
232;4536;26/12/2013;112;1;182
233;4535;18/12/2013;6;8;183
234;4534;30/12/2013;36;9;184
235;4533;29/12/2013;146;4;185
236;4524;21/01/2014;147;1;24
237;4463;13/09/2013;36;9;63
238;4455;12/10/2013;66;7;158
239;4451;12/10/2013;8;1;186
240;4450;12/10/2013;2;2;187
241;4508;21/02/2013;148;1;188
242;4502;11/09/2013;28;1;189
243;4499;27/07/2013;2;1;190
244;4496;08/09/2013;36;9;191
245;4493;25/07/2013;17;9;192
246;4492;25/07/2013;149;4;193
247;4489;26/12/2014;36;2;181
248;4656;23/01/2004;36;3;194
249;4645;14/10/2013;147;1;122
250;4647;29/12/2011;8;1;195
251;4642;26/09/2013;150;8;58
252;4640;21/09/2013;7;2;196
253;4631;15/09/2013;151;9;197
254;4624;14/10/2013;6;1;198
255;4609;27/01/2014;18;1;199
256;4606;29/01/2014;152;1;139
257;4607;29/01/2014;153;8;200
258;4605;12/01/2014;48;4;201
259;4584;07/02/2014;154;9;202
260;4571;13/02/2014;48;4;203
261;4568;12/01/2014;155;3;172
262;4566;08/01/2014;36;3;169
263;4565;09/01/2014;156;3;204
264;3239;02/07/2012;157;1;205
265;3152;26/05/2012;158;3;23
266;3253;07/07/2012;23;3;206
267;3247;04/07/2012;159;2;207
268;3242;03/07/2012;17;1;106
269;3235;30/06/2012;160;8;189
270;3141;23/05/2012;16;8;208
271;3226;29/06/2012;144;9;43
272;3157;28/05/2012;67;2;209
273;3213;22/06/2012;10;3;90
274;3211;22/06/2012;161;17;210
275;3171;05/06/2012;2;1;211
276;3168;03/06/2012;162;9;122
277;3151;26/05/2012;163;8;212
278;3149;25/05/2012;158;1;213
279;3147;25/05/2012;164;1;208
280;3146;25/05/2012;165;3;106
281;3139;23/05/2012;166;4;214
282;3199;20/06/2012;78;3;215
283;3197;19/06/2012;122;8;106
284;3190;13/06/2012;135;1;56
285;3185;12/06/2012;167;8;216
286;3174;06/06/2012;168;9;217
287;3173;06/06/2012;169;3;218
288;3167;02/06/2012;170;4;34
289;3162;30/05/2012;6;2;219
290;3350;08/08/2012;121;4;220
291;3345;02/08/2012;124;1;163
292;3331;01/08/2012;134;8;221
293;3308;01/07/2012;36;3;208
294;3316;07/07/2012;34;9;222
295;3299;29/07/2012;28;9;106
296;3310;28/07/2012;171;6;223
297;3305;26/07/2012;67;1;224
298;3292;24/07/2012;36;8;189
299;3288;23/07/2012;172;9;106
300;3286;22/07/2012;173;8;96
301;3285;21/07/2012;174;1;225
302;3274;14/07/2012;17;2;226
303;3276;16/07/2012;36;9;227
304;3266;12/07/2012;175;6;4
305;3265;12/07/2012;176;8;216
306;3262;11/07/2012;119;8;34
307;3455;09/09/2012;17;2;228
308;3454;09/09/2012;28;9;55
309;3449;17/08/2012;98;9;229
310;3447;26/07/2012;177;2;34
311;3440;05/09/2012;36;3;220
312;3435;16/09/2012;36;7;216
313;3434;14/09/2012;17;8;177
314;3433;12/09/2012;178;9;230
315;3486;07/09/2012;179;13;231
316;5843;09/05/2014;18;9;184
317;1729;30/01/2011;122;6;232
318;3363;14/08/2012;180;12;233
319;3360;12/08/2012;19;7;214
320;3372;16/08/2012;45;8;229
321;3366;15/08/2012;28;8;154
322;3413;10/08/2012;45;9;119
323;3353;08/08/2012;1;4;107
324;3402;25/08/2012;66;2;234
325;3399;22/08/2012;10;13;235
326;3398;22/08/2012;181;1;236
327;3395;21/08/2012;36;2;237
328;3392;21/08/2012;16;1;238
329;3391;20/08/2012;182;17;23
330;3385;19/08/2012;2;8;239
331;3382;18/08/2012;25;11;240
332;3492;24/09/2012;183;7;241
333;3491;24/09/2012;28;2;242
334;3378;17/08/2012;184;3;243
335;3552;18/10/2012;185;2;244
336;3377;17/08/2012;16;3;117
337;3536;13/10/2012;17;8;117
338;3527;10/10/2012;62;9;245
339;3516;04/10/2012;186;8;246
340;3515;03/10/2012;36;9;245
341;3514;03/10/2012;113;4;247
342;3509;02/10/2012;109;1;248
343;3505;28/09/2012;187;9;249
344;3513;03/10/2012;157;1;250
345;3502;28/09/2012;109;7;251
346;3496;25/09/2012;4;8;108
347;3494;25/09/2012;154;4;102
348;3482;24/09/2012;130;7;191
349;3481;24/09/2012;48;2;252
350;5831;03/05/2014;188;1;253
351;5770;06/04/2014;18;4;254
352;5768;06/03/2014;19;8;255
353;3478;23/09/2012;189;13;256
354;3476;22/09/2012;120;2;257
355;3463;19/09/2012;190;2;258
356;3471;21/09/2012;10;1;232
357;5829;03/05/2014;157;17;259
358;5828;01/05/2014;163;3;260
359;5826;27/04/2014;6;2;261
360;5751;26/03/2014;18;2;262
361;5824;26/04/2014;191;4;263
362;5838;08/05/2014;16;13;34
363;5823;17/04/2014;141;7;264
364;5818;02/05/2014;35;2;265
365;5822;17/04/2014;192;8;42
366;5819;03/05/2014;193;8;195
367;5815;22/04/2014;12;9;266
368;5814;24/04/2014;194;7;267
369;5771;06/04/2014;10;4;268
370;5813;24/04/2014;24;8;32
371;5806;30/04/2014;195;2;172
372;5802;12/04/2014;196;8;269
373;5812;23/04/2014;112;1;270
374;5807;30/04/2014;45;12;76
375;5760;04/04/2014;197;2;271
376;5758;07/04/2014;102;9;93
377;5754;28/03/2014;139;8;25
378;5753;29/03/2014;198;8;111
379;5750;26/03/2014;18;4;266
380;5746;28/03/2014;19;13;272
381;5741;23/03/2014;48;2;273
382;5800;09/04/2014;79;9;274
383;5794;16/04/2014;199;11;91
384;5793;20/04/2014;66;9;275
385;5766;18/03/2014;45;1;145
386;5790;22/04/2014;15;2;39
387;5784;15/04/2014;109;1;276
388;5780;16/04/2014;58;1;277
389;5778;30/12/2014;116;4;278
390;5772;09/04/2014;200;2;267
391;5937;30/06/2014;25;4;184
392;5935;27/06/2014;201;1;37
393;5927;19/06/2014;16;3;119
394;5850;13/05/2014;76;3;279
395;5922;13/06/2014;202;8;280
396;5918;08/06/2014;131;8;281
397;5924;17/06/2014;14;9;282
398;5905;31/05/2014;203;4;283
399;5898;07/06/2014;67;1;284
400;5892;11/06/2014;19;8;111
401;5896;06/06/2014;204;3;55
402;5886;31/05/2014;205;10;285
403;5881;28/05/2014;206;8;117
404;5873;21/05/2014;2;9;258
405;5861;19/05/2014;207;11;25
406;5860;19/05/2014;208;11;25
407;5846;10/05/2014;198;1;108
408;5849;13/05/2014;66;8;56
409;5845;10/05/2014;209;2;200
410;5842;09/05/2014;45;8;286
411;1748;05/02/2011;12;5;287
412;1728;31/01/2011;20;8;106
413;1390;13/11/2010;17;1;106
414;1383;09/11/2010;210;8;288
415;1375;08/11/2010;17;1;289
416;1370;05/11/2010;157;3;106
417;1050;20/07/2010;27;2;290
418;1046;19/07/2010;154;7;210
419;1044;18/07/2010;25;6;21
420;2058;03/05/2011;211;5;208
421;2050;02/05/2011;182;4;106
422;2046;01/05/2011;39;9;289
423;1711;29/01/2011;40;2;106
424;1721;30/01/2011;52;7;243
425;1705;28/01/2011;45;2;208
426;1703;28/01/2011;152;1;289
427;1698;27/01/2011;19;13;291
428;1366;04/11/2010;119;2;106
429;1363;03/11/2010;20;1;292
430;1342;28/10/2010;36;9;106
431;1341;27/10/2010;158;8;106
432;1040;16/07/2010;7;8;106
433;1036;15/07/2010;24;13;290
434;1030;12/07/2010;119;2;243
435;1023;10/07/2010;36;1;208
436;1017;04/07/2010;16;3;292
437;2023;21/04/2011;19;2;214
438;1688;25/01/2011;158;9;21
439;1674;23/01/2011;48;1;220
440;1003;29/06/2010;212;3;106
441;1002;28/06/2010;213;3;216
442;2018;20/04/2011;45;3;232
443;2015;19/04/2011;132;8;106
444;2013;19/04/2011;22;9;218
445;2004;18/04/2011;36;3;208
446;2002;17/04/2011;10;9;290
447;1658;19/01/2011;183;1;214
448;1652;17/01/2011;112;8;220
449;1649;15/01/2011;6;9;21
450;1642;14/01/2011;214;4;218
451;1314;19/10/2010;36;9;208
452;1303;16/10/2010;215;8;216
453;1295;12/10/2010;7;13;243
454;1636;11/01/2011;12;2;220
455;1634;11/01/2011;216;9;243
456;1284;07/10/2010;25;9;216
457;1269;05/10/2010;217;7;205
458;963;15/06/2010;45;7;21
459;959;13/06/2010;111;2;293
460;955;12/06/2010;18;9;10
461;1980;12/04/2011;36;9;288
462;1977;10/04/2011;218;2;21
463;1975;09/04/2011;219;9;106
464;1971;08/04/2011;4;2;106
465;1613;07/01/2011;48;2;106
466;1604;05/01/2011;132;7;205
467;1265;01/10/2010;6;1;220
468;1264;01/10/2010;220;8;106
469;1261;30/09/2010;122;1;232
470;1260;30/09/2010;7;9;287
471;937;03/06/2010;221;1;220
472;928;29/05/2010;18;4;294
473;1953;30/03/2011;222;8;210
474;1966;08/04/2011;15;9;295
475;1965;06/04/2011;223;2;296
476;1594;03/01/2011;113;2;288
477;1588;01/01/2011;224;3;106
478;1583;29/12/2010;6;13;106
479;1238;25/09/2010;2;2;218
480;1234;24/09/2010;135;1;232
481;898;15/05/2010;170;1;21
482;891;13/05/2010;19;1;214
483;1235;24/09/2010;58;1;220
484;1227;22/09/2010;25;7;287
485;884;10/05/2010;17;1;106
486;883;09/09/2010;19;8;208
487;881;08/05/2010;225;1;205
488;1934;27/03/2011;2;2;106
489;1582;29/12/2010;6;2;220
490;1563;23/12/2010;18;9;106
491;1560;22/12/2010;226;9;297
492;1224;21/09/2010;182;2;296
493;1217;19/09/2010;227;8;288
494;1215;18/09/2010;27;2;289
495;1213;17/09/2010;228;3;243
496;1212;17/09/2010;229;3;91
497;877;07/05/2010;230;3;290
498;1918;23/03/2011;44;1;106
499;874;06/05/2010;139;8;106
500;871;05/05/2010;39;8;216
501;1554;21/12/2010;4;2;297
502;1552;20/12/2010;67;1;216
503;1548;18/12/2010;88;9;218
504;1537;15/12/2010;102;8;293
505;1208;15/09/2010;28;1;208
506;1205;15/09/2010;7;6;232
507;1206;15/09/2010;231;1;232
508;1202;13/09/2010;232;8;106
509;1199;11/09/2010;177;2;208
510;1195;11/09/2010;233;1;243
511;1194;10/09/2010;2;2;106
512;1193;10/09/2010;58;9;106
513;915;20/05/2010;139;8;210
514;910;20/05/2010;36;9;218
515;908;19/05/2010;234;6;208
516;1895;18/03/2011;7;2;297
517;1527;13/12/2010;141;8;225
518;909;20/05/2010;17;9;106
519;1532;14/12/2010;119;1;106
520;1526;13/12/2010;235;8;243
521;1524;13/12/2010;236;3;232
522;1511;11/12/2010;132;1;294
523;1510;11/12/2010;135;9;106
524;1182;04/09/2010;237;13;106
525;1177;01/09/2010;134;1;296
526;2165;17/06/2011;1;6;205
527;2156;10/06/2011;238;11;289
528;1863;07/03/2011;10;1;291
529;1503;09/12/2010;102;1;216
530;1501;28/04/2011;28;1;216
531;1163;28/08/2010;240;8;220
532;1492;01/04/2011;170;8;216
533;1161;28/08/2010;37;9;218
534;2143;05/06/2011;6;2;21
535;2138;04/06/2011;78;3;106
536;2137;04/06/2011;109;2;292
537;1859;06/03/2011;93;8;298
538;1858;06/03/2011;1;1;218
539;1857;05/03/2011;241;8;21
540;1856;05/03/2011;34;2;205
541;1851;04/03/2011;22;1;218
542;1846;02/03/2011;13;3;208
543;1844;01/03/2011;34;8;205
544;1842;28/02/2011;34;1;21
545;1472;11/02/2011;132;8;292
546;1470;21/01/2011;157;1;291
547;1465;08/12/2010;242;8;210
548;1464;08/12/2010;12;8;220
549;1151;25/08/2010;243;17;205
550;1149;24/08/2010;244;13;287
551;1146;24/08/2010;245;13;173
552;1145;24/08/2010;120;9;220
553;2117;29/05/2011;180;9;289
554;2123;31/05/2011;132;1;232
555;1832;25/02/2011;132;1;208
556;1456;03/12/2010;183;1;106
557;25683;17/10/2020;246;1;299
558;2109;24/05/2011;92;3;214
559;2106;24/05/2011;18;5;289
560;2105;23/05/2011;157;8;296
561;1821;22/02/2011;247;2;292
562;1815;21/02/2011;248;8;232
563;1810;20/02/2011;232;1;4
564;1443;30/11/2010;144;9;220
565;1431;25/11/2010;18;2;289
566;1109;12/08/2010;249;3;243
567;1101;06/08/2010;19;1;232
568;1097;05/08/2010;241;4;218
569;1095;05/08/2010;250;17;106
570;2091;16/05/2011;251;9;210
571;2089;18/05/2011;58;2;150
572;2085;14/05/2011;252;9;289
573;2081;12/05/2011;17;1;218
574;1798;19/02/2011;37;9;218
575;1795;18/02/2011;28;2;21
576;1801;19/02/2011;105;1;106
577;1777;15/02/2011;12;5;220
578;1425;24/11/2010;157;1;106
579;1421;22/11/2010;119;2;218
580;1411;18/11/2010;20;2;21
581;1410;18/11/2010;31;7;289
582;1409;18/11/2010;6;5;21
583;1087;03/08/2010;7;12;232
584;2075;10/05/2011;253;8;218
585;1774;14/02/2011;45;8;210
586;1405;16/11/2010;6;9;208
587;1749;05/02/2011;254;11;243
588;1403;15/11/2010;40;2;106
589;1400;14/11/2010;12;4;220
590;1394;13/11/2010;256;2;208
591;1075;29/07/2010;58;1;106
592;1064;25/07/2010;257;9;288
593;1063;24/07/2010;39;2;287
594;1062;24/07/2010;258;9;106
595;1061;24/07/2010;157;1;232
596;9855;30/09/2019;259;1;300
597;9852;08/09/2019;260;2;301
598;8565;08/06/2019;261;1;277
599;9851;29/09/2019;262;1;302
600;8564;07/06/2019;28;1;23
601;8563;06/06/2019;263;8;303
602;8557;29/05/2019;264;3;304
603;8271;05/01/2019;34;5;305
604;8269;12/01/2019;265;15;306
605;8268;12/01/2019;6;5;307
606;8267;11/01/2019;18;2;251
607;8264;14/01/2019;266;2;91
608;8262;02/01/2019;62;11;204
609;11088;25/01/2020;268;2;308
610;11087;16/01/2020;2;2;34
611;11081;17/01/2020;269;2;231
612;9841;23/09/2019;19;8;309
613;8552;22/05/2019;270;1;163
614;8551;04/05/2019;72;8;310
615;8541;16/05/2019;16;6;90
616;8259;08/01/2019;12;3;278
617;8257;08/01/2019;158;3;229
618;8253;04/01/2019;100;1;311
619;8250;01/01/2019;24;8;312
620;8248;01/01/2019;7;1;102
621;8246;22/12/2018;271;3;86
622;9823;03/09/2019;19;8;313
623;8247;29/12/2018;272;2;105
624;11076;23/12/2019;273;4;314
625;9822;02/09/2019;274;9;315
626;9835;07/09/2019;28;1;316
627;9825;05/09/2019;6;5;276
628;8534;14/05/2019;120;1;317
629;8533;03/05/2019;39;1;143
630;8233;17/12/2018;102;1;318
631;8232;14/12/2018;6;1;319
632;8236;20/12/2018;275;8;23
633;8525;11/05/2019;276;3;320
634;11066;11/01/2020;12;13;321
635;11065;13/01/2020;16;8;42
636;9816;04/10/2019;241;8;322
637;9818;12/09/2019;8;5;323
638;8528;27/05/2019;277;2;324
639;8524;09/05/2019;12;10;325
640;8517;18/05/2019;195;1;256
641;8510;15/05/2019;100;6;24
642;8228;08/12/2018;116;1;326
643;8227;17/12/2018;12;9;327
644;8226;10/12/2018;278;3;328
645;8222;08/12/2018;102;7;329
646;8220;08/12/2018;45;3;172
647;8219;30/11/2018;122;6;330
648;8216;30/11/2018;66;2;34
649;11050;03/01/2020;116;1;308
650;11058;09/01/2020;279;1;331
651;11051;03/01/2020;244;1;45
652;11049;01/01/2020;280;9;332
653;9771;16/09/2019;281;6;304
654;8498;26/04/2019;34;5;333
655;9767;26/09/2019;18;2;334
656;9765;25/09/2019;10;8;335
657;9762;07/09/2019;282;9;229
658;9763;04/09/2019;122;7;172
659;8499;29/04/2019;6;1;336
660;8497;28/04/2019;179;4;312
661;8210;26/11/2018;202;4;337
662;8209;24/11/2018;283;6;338
663;8496;26/04/2019;284;1;339
664;8495;18/04/2019;93;11;8
665;8214;27/11/2018;285;2;340
666;8213;31/10/2018;50;18;341
667;8211;28/11/2018;17;3;119
668;8208;10/11/2018;34;5;342
669;8207;27/11/2018;45;7;343
670;8203;24/11/2018;158;3;34
671;8202;22/11/2018;28;1;26
672;11047;23/12/2019;170;1;344
673;11041;28/12/2019;34;1;345
674;11040;25/12/2019;14;1;346
675;11038;16/12/2019;16;8;163
676;11037;18/12/2019;241;8;163
677;9760;16/09/2019;157;1;119
678;8494;18/04/2019;17;11;8
679;9757;13/09/2019;286;2;347
680;9754;20/08/2019;287;9;56
681;8493;24/04/2019;174;2;348
682;8488;19/04/2019;7;11;163
683;8190;18/11/2018;48;2;349
684;8180;09/11/2018;105;3;111
685;11032;23/12/2019;18;2;278
686;11031;22/12/2019;36;13;42
687;9722;25/08/2019;23;8;111
688;9720;04/08/2019;289;1;350
689;9713;09/08/2019;290;3;102
690;9719;20/08/2019;291;4;351
691;8474;12/04/2019;292;1;352
692;8473;11/04/2019;293;7;353
693;8470;12/04/2019;179;3;163
694;8466;10/04/2019;97;3;23
695;8465;10/04/2019;107;1;354
696;8175;04/11/2018;89;2;274
697;8174;03/11/2018;18;1;355
698;8173;03/11/2018;232;2;356
699;8172;30/10/2018;34;5;357
700;8169;30/10/2018;6;1;358
701;8170;31/10/2018;241;8;359
702;8167;27/10/2018;16;13;235
703;8162;22/10/2018;22;3;23
704;8165;26/09/2018;37;11;96
705;11024;04/12/2019;6;8;360
706;11020;16/12/2019;295;8;111
707;11017;13/12/2019;7;5;361
708;11015;06/12/2019;6;9;276
709;8134;28/09/2018;296;7;299
710;11014;03/12/2019;26;7;79
711;9704;11/08/2019;28;1;362
712;8464;07/04/2019;17;1;363
713;8457;13/04/2019;163;2;23
714;8458;02/04/2019;175;1;117
715;8145;08/10/2018;297;8;364
716;8143;30/09/2018;298;1;365
717;8138;29/09/2018;33;1;366
718;11010;25/11/2019;17;8;119
719;11003;12/11/2019;299;1;169
720;8423;21/03/2019;300;3;367
721;11009;29/11/2019;18;14;368
722;9700;07/08/2019;28;1;369
723;9699;07/08/2019;174;2;119
724;8427;23/03/2019;25;7;65
725;8424;22/03/2019;18;5;370
726;8446;27/03/2019;301;1;371
727;8435;18/03/2019;302;1;372
728;8426;22/03/2019;7;5;373
729;8425;21/03/2019;76;10;279
730;8681;31/07/2019;6;1;374
731;8679;01/08/2019;116;1;38
732;8156;13/10/2018;303;1;375
733;8152;13/10/2018;304;13;323
734;8150;12/10/2018;305;1;376
735;8149;11/10/2018;232;7;139
736;8148;11/10/2018;306;1;377
737;8146;22/09/2018;16;3;378
738;10996;02/12/2019;169;6;379
739;8417;30/03/2019;307;2;380
740;8406;19/02/2019;6;2;381
741;10980;13/10/2019;308;8;253
742;11165;27/02/2020;34;10;143
743;10990;12/10/2019;309;1;91
744;8355;05/03/2019;310;9;48
745;10976;28/11/2019;12;1;382
746;8676;27/07/2019;311;3;111
747;8669;23/07/2019;10;13;383
748;8674;27/07/2019;122;1;172
749;8670;24/07/2019;312;7;157
750;8667;21/07/2019;272;1;111
751;8666;26/07/2019;19;8;343
752;8367;09/03/2019;34;5;384
753;8363;11/03/2019;12;5;385
754;8357;09/03/2019;28;1;195
755;11155;19/02/2020;18;2;264
756;11154;25/02/2020;112;5;386
757;11152;18/02/2020;148;8;347
758;11151;17/02/2020;148;1;387
759;11153;19/02/2020;277;2;388
760;11149;20/02/2020;10;1;389
761;10967;25/11/2019;313;1;390
762;10965;24/10/2019;79;9;207
763;10958;17/11/2019;23;1;249
764;8665;25/07/2019;45;1;391
765;8664;21/07/2019;314;3;229
766;8656;14/07/2019;170;7;273
767;8662;20/07/2019;19;8;267
768;8660;16/07/2019;174;5;392
769;8654;10/07/2019;15;9;393
770;8352;03/03/2019;50;3;91
771;8343;21/02/2019;315;1;394
772;8341;23/02/2019;316;8;395
773;8340;23/02/2019;317;1;145
774;11144;22/02/2020;318;8;42
775;11139;01/02/2020;319;5;396
776;11138;17/02/2020;124;7;91
777;9951;31/10/2019;320;3;34
778;9946;01/11/2019;144;3;265
779;9955;21/11/2019;291;7;34
780;8652;27/05/2019;1;11;273
781;8643;02/07/2019;6;8;397
782;8338;23/02/2019;34;2;39
783;8637;07/07/2019;321;3;398
784;8626;30/06/2019;322;3;399
785;8331;07/02/2019;181;7;92
786;8326;09/02/2019;87;4;400
787;8325;06/02/2019;6;5;401
788;11134;14/02/2020;323;1;402
789;11129;12/02/2020;6;9;403
790;11128;10/02/2020;112;4;404
791;11125;07/02/2020;34;2;405
792;9943;22/06/2019;324;1;406
793;9942;26/10/2019;37;3;407
794;8621;29/06/2019;325;9;168
795;9935;21/10/2019;326;2;23
796;9932;27/07/2019;116;5;408
797;9931;19/10/2019;327;3;409
798;8608;27/06/2019;328;9;410
799;8596;14/05/2019;13;8;403
800;8323;06/02/2019;329;2;266
801;8322;07/02/2019;330;7;97
802;8320;03/01/2019;14;5;411
803;8318;03/02/2019;261;9;412
804;8316;02/02/2019;16;7;347
805;8315;01/02/2019;331;7;163
806;8314;31/01/2019;19;3;32
807;8313;31/01/2019;116;5;413
808;11121;16/01/2020;151;9;414
809;9928;19/10/2019;28;1;203
810;9927;19/10/2019;105;3;23
811;8595;28/05/2019;269;4;415
812;9924;18/10/2019;126;1;55
813;9923;26/10/2019;25;8;416
814;8593;29/03/2019;12;3;5
815;8592;24/03/2019;34;4;417
816;8591;25/03/2019;310;4;319
817;8590;01/05/2019;332;2;418
818;8587;26/06/2019;333;3;172
819;8295;29/01/2019;6;5;419
820;8586;25/06/2019;28;1;203
821;8581;22/06/2019;334;2;420
822;8299;01/02/2019;335;13;421
823;8291;25/01/2019;6;4;422
824;11113;15/01/2020;269;5;101
825;11108;06/02/2020;336;1;169
826;11107;04/02/2020;18;1;423
827;11106;24/01/2020;18;3;424
828;11105;17/01/2020;18;1;269
829;9897;16/10/2019;183;10;50
830;9895;13/09/2019;337;1;425
831;8579;12/06/2019;194;8;24
832;8580;18/06/2019;39;3;426
833;8575;15/06/2019;338;8;119
834;8289;24/01/2019;269;5;427
835;8288;26/01/2019;339;2;428
836;8287;25/01/2019;62;3;429
837;8285;23/01/2019;18;1;310
838;8284;22/01/2019;112;3;430
839;8283;21/01/2019;20;5;38
840;8281;21/01/2019;12;1;36
841;8280;19/01/2019;17;13;431
842;11101;31/12/2019;340;9;223
843;11096;25/01/2020;341;1;308
844;2585;05/11/2011;342;1;220
845;2579;01/11/2011;343;2;106
846;2324;08/10/2012;270;2;432
847;9887;14/11/2019;344;17;433
848;2828;31/01/2012;16;7;165
849;2826;31/01/2012;22;8;434
850;2823;30/01/2012;48;9;91
851;2822;28/01/2012;19;4;435
852;2323;11/10/2012;345;1;340
853;2322;07/10/2012;19;8;47
854;3047;16/04/2012;241;8;37
855;3045;15/04/2012;78;8;140
856;2814;25/01/2012;346;4;436
857;2807;22/01/2012;1;1;243
858;2806;22/01/2012;347;3;91
859;2809;23/01/2012;18;8;437
860;2804;21/01/2012;348;3;111
861;2802;21/01/2012;349;8;216
862;2798;20/01/2012;18;5;438
863;2575;01/11/2011;12;1;21
864;2307;28/02/2012;157;8;119
865;2569;30/10/2011;26;1;232
866;2308;29/02/2012;20;2;439
867;2302;22/10/2011;19;7;220
868;3037;14/04/2012;350;3;260
869;3036;13/04/2012;351;2;440
870;3035;13/04/2012;23;7;24
871;2797;20/01/2012;100;8;21
872;3034;13/04/2012;352;2;84
873;3027;11/04/2012;40;9;106
874;2793;19/01/2012;2;2;25
875;2788;17/01/2012;19;7;293
876;2791;18/01/2012;44;1;232
877;2780;14/01/2012;13;2;330
878;2560;27/10/2011;36;8;288
879;2292;06/08/2011;109;1;106
880;2280;02/08/2011;4;1;216
881;2254;19/07/2011;353;9;216
882;3009;04/04/2012;181;9;292
883;3024;06/04/2012;25;1;441
884;3021;05/04/2012;354;8;23
885;3012;03/04/2012;112;2;442
886;2775;11/01/2012;18;2;443
887;2774;11/01/2012;181;8;232
888;2770;09/01/2012;18;9;11
889;2543;21/10/2011;36;9;220
890;2255;20/07/2011;40;9;208
891;2273;26/07/2011;119;7;218
892;2270;25/07/2011;119;2;106
893;2263;22/07/2011;102;9;232
894;3005;02/04/2012;36;7;216
895;3002;31/03/2012;355;1;444
896;2999;30/03/2012;36;3;218
897;2767;08/01/2012;356;1;13
898;2764;07/01/2012;109;9;106
899;2763;06/01/2012;357;1;445
900;2762;06/01/2012;18;9;446
901;2761;06/01/2012;112;1;447
902;2760;06/01/2012;205;11;177
903;2534;18/10/2011;191;8;214
904;2528;16/10/2011;178;4;218
905;2250;19/07/2011;45;8;210
906;2239;15/07/2011;8;6;288
907;2527;16/10/2011;55;8;117
908;2234;15/07/2011;358;8;448
909;2247;18/07/2011;119;9;34
910;2245;16/07/2011;359;13;218
911;2242;15/07/2011;192;7;290
912;2240;15/07/2011;360;8;208
913;2986;26/03/2012;17;8;119
914;2983;23/03/2012;36;9;189
915;2984;24/03/2012;326;1;449
916;2982;23/03/2012;36;9;288
917;2745;30/12/2011;7;2;243
918;2513;11/10/2011;119;2;106
919;2505;09/10/2011;39;7;218
920;2504;09/10/2011;8;2;421
921;2230;13/07/2011;361;1;292
922;2228;13/07/2011;105;9;106
923;2223;12/07/2011;36;4;450
924;2222;11/07/2011;48;2;106
925;2221;11/07/2011;36;9;208
926;2220;10/07/2011;362;1;208
927;2971;19/03/2012;363;2;32
928;2970;19/03/2012;36;2;245
929;2730;26/12/2011;22;8;216
930;2727;23/12/2011;6;8;106
931;2722;21/12/2011;36;3;220
932;2721;21/12/2011;36;3;220
933;2720;20/12/2011;6;2;220
934;2500;07/10/2011;34;4;451
935;2498;07/10/2011;344;3;216
936;2497;07/10/2011;364;1;208
937;2490;04/10/2011;365;2;243
938;2196;29/06/2011;105;3;106
939;2190;23/06/2011;36;9;106
940;2953;13/03/2012;112;1;220
941;2948;12/03/2012;366;1;439
942;2962;16/03/2012;36;8;288
943;2949;12/03/2012;367;8;24
944;2961;15/03/2012;241;9;358
945;2479;01/10/2011;368;2;106
946;2473;30/09/2011;369;9;106
947;2233;14/07/2011;105;8;106
948;2179;20/06/2011;225;8;205
949;2173;18/06/2011;147;12;205
950;2171;18/06/2011;62;3;298
951;2176;19/06/2011;158;3;220
952;2933;07/03/2012;112;1;89
953;2919;02/03/2012;12;4;452
954;2453;25/09/2011;7;1;290
955;2694;10/12/2011;18;3;220
956;2470;29/09/2011;370;8;232
957;2438;19/09/2011;6;1;106
958;2469;29/09/2011;371;8;218
959;2207;04/07/2011;372;2;218
960;2206;02/07/2011;264;8;106
961;2205;01/07/2011;34;5;106
962;2928;06/03/2012;25;2;453
963;2463;28/09/2011;154;13;218
964;2683;08/12/2011;17;4;243
965;2687;09/12/2011;7;6;288
966;2454;26/09/2011;42;8;232
967;2437;18/09/2011;88;2;122
968;2436;18/09/2011;181;2;218
969;3133;20/05/2012;373;8;454
970;3132;20/05/2012;36;4;455
971;3131;19/05/2012;374;8;205
972;3122;18/05/2012;42;4;106
973;3127;18/05/2012;48;2;34
974;2916;02/03/2012;375;2;456
975;2911;27/02/2012;237;8;106
976;2909;27/02/2012;40;9;457
977;2905;24/02/2012;17;9;106
978;2904;24/02/2012;20;2;458
979;2903;28/02/2012;170;1;459
980;2431;17/09/2011;376;9;106
981;2429;17/09/2011;158;3;106
982;2428;17/09/2011;22;8;218
983;2420;14/09/2011;44;1;218
984;3117;16/05/2012;377;1;214
985;3115;16/05/2012;239;4;460
986;3108;10/05/2012;18;4;461
987;2890;19/02/2012;45;7;297
988;3104;08/05/2012;378;1;462
989;2898;22/02/2012;379;8;463
990;2892;20/02/2012;105;9;106
991;2902;24/02/2012;151;1;464
992;2653;30/11/2011;36;9;465
993;2646;27/11/2011;18;4;289
994;2645;27/11/2011;64;8;288
995;2656;30/11/2011;6;2;208
996;2414;13/09/2011;380;2;208
997;2410;12/09/2011;36;9;208
998;2409;12/09/2011;36;9;220
999;2408;10/09/2011;381;9;214
1000;2406;10/09/2011;7;4;243
